Date,Sales,Stock,Price
01/12/2018,7388,9,5
02/12/2018,4434,23,9
03/12/2018,5056,20,5
04/12/2018,6146,9,8
05/12/2018,6877,5,4
06/12/2018,31821,32,6
07/12/2018,7082,10,2
08/12/2018,11923,12,2
09/12/2018,5608,2,6
10/12/2018,8544,31,6
11/12/2018,8653,22,5
12/12/2018,9461,24,1
13/12/2018,10640,5,10
14/12/2018,9819,4,5
15/12/2018,11147,24,8
16/12/2018,8511,20,9
17/12/2018,12018,16,2
18/12/2018,13662,4,9
19/12/2018,15913,25,9
20/12/2018,20019,6,9
21/12/2018,22212,27,2
22/12/2018,20123,4,6
23/12/2018,17639,33,3
24/12/2018,13975,3,4
26/12/2018,9899,12,9
27/12/2018,7829,13,5
28/12/2018,7934,30,4
29/12/2018,6885,11,1
30/12/2018,4899,9,3
31/12/2018,2607,35,1
02/01/2019,7614,7,10
03/01/2019,8526,22,2
04/01/2019,7338,22,2
05/01/2019,9345,12,7
06/01/2019,3990,28,3
07/01/2019,7630,32,1
08/01/2019,6222,14,6
09/01/2019,5914,15,1
10/01/2019,6125,22,3
11/01/2019,7186,23,7
12/01/2019,6998,13,6
13/01/2019,4665,29,9
14/01/2019,5681,8,1
15/01/2019,5846,35,8
16/01/2019,4641,32,4
17/01/2019,5256,33,2
18/01/2019,5819,27,2
19/01/2019,6642,16,3
20/01/2019,3929,24,9
21/01/2019,5697,1,3
22/01/2019,5341,26,9
23/01/2019,6314,22,6
24/01/2019,5859,0,4
25/01/2019,4548,15,4
26/01/2019,6065,11,8
27/01/2019,3679,29,7
28/01/2019,4527,34,4
29/01/2019,4201,23,3
30/01/2019,5657,23,10
31/01/2019,5367,4,5
01/02/2019,4588,17,3
02/02/2019,5222,16,8
03/02/2019,4173,11,5
04/02/2019,4327,11,1
05/02/2019,3700,11,3
06/02/2019,4270,0,7
07/02/2019,6433,18,5
08/02/2019,5823,24,9
09/02/2019,5202,3,7
10/02/2019,3115,13,10
11/02/2019,3273,26,10
12/02/2019,3891,32,2
13/02/2019,4354,21,8
14/02/2019,3934,22,4
15/02/2019,6425,14,2
16/02/2019,6780,9,6
17/02/2019,4589,3,3
18/02/2019,3922,16,6
19/02/2019,4338,30,8
20/02/2019,4722,27,4
21/02/2019,4831,32,4
22/02/2019,5086,17,10
23/02/2019,5694,13,3
24/02/2019,3648,26,5
25/02/2019,4415,35,10
26/02/2019,3579,22,10
27/02/2019,4475,16,10
28/02/2019,4137,20,7
01/03/2019,4455,23,2
02/03/2019,4701,11,8
03/03/2019,2619,13,9
04/03/2019,3120,12,1
06/03/2019,3918,24,9
07/03/2019,4173,20,10
08/03/2019,4923,29,6
09/03/2019,6029,7,8
10/03/2019,4798,3,9
11/03/2019,5251,18,5
12/03/2019,15323,1,5
13/03/2019,3737,20,6
14/03/2019,5101,13,9
15/03/2019,5738,15,8
16/03/2019,7207,33,8
17/03/2019,5085,24,5
18/03/2019,4980,25,7
19/03/2019,8425,30,6
20/03/2019,4620,23,3
21/03/2019,4843,12,9
22/03/2019,5501,11,10
23/03/2019,5917,24,7
24/03/2019,4468,26,2
25/03/2019,3725,13,1
26/03/2019,3717,11,4
27/03/2019,3967,0,6
28/03/2019,4161,10,2
29/03/2019,5896,24,10
30/03/2019,10174,2,8
31/03/2019,4366,30,8
01/04/2019,4064,26,3
02/04/2019,4407,20,8
03/04/2019,4411,1,2
04/04/2019,3825,13,8
05/04/2019,5017,0,2
06/04/2019,8007,17,3
07/04/2019,4128,35,10
08/04/2019,5019,5,6
09/04/2019,1557,22,7
10/04/2019,4746,9,2
11/04/2019,4524,34,5
12/04/2019,5162,25,2
13/04/2019,5917,29,2
14/04/2019,4617,33,5
15/04/2019,4616,26,8
16/04/2019,4851,16,4
17/04/2019,4775,22,1
18/04/2019,4790,30,3
19/04/2019,2922,19,3
20/04/2019,6260,0,7
21/04/2019,1767,30,9
22/04/2019,4322,8,8
23/04/2019,3410,27,8
24/04/2019,3794,9,9
25/04/2019,5259,8,5
26/04/2019,5961,14,10
27/04/2019,5961,6,1
28/04/2019,3435,20,1
29/04/2019,3567,20,5
30/04/2019,6955,1,1
01/05/2019,3737,12,10
02/05/2019,4993,25,3
03/05/2019,6381,1,8
04/05/2019,8283,29,2
05/05/2019,3834,2,6
06/05/2019,8306,16,10
07/05/2019,5868,35,3
08/05/2019,6574,35,8
09/05/2019,8270,10,7
10/05/2019,10042,25,7
11/05/2019,14543,15,6
12/05/2019,5122,5,7
13/05/2019,4258,10,6
14/05/2019,4145,10,9
15/05/2019,4463,12,8
16/05/2019,3870,11,10
17/05/2019,4693,28,7
18/05/2019,6482,10,1
19/05/2019,8534,17,6
20/05/2019,6679,24,10
21/05/2019,4528,7,3
22/05/2019,4492,30,3
23/05/2019,10452,20,10
24/05/2019,5502,2,7
25/05/2019,5578,1,4
26/05/2019,3830,13,2
27/05/2019,3382,28,7
28/05/2019,3317,24,5
29/05/2019,3591,0,6
30/05/2019,4229,27,9
31/05/2019,4468,29,5
01/06/2019,13171,28,5
02/06/2019,3503,15,10
03/06/2019,3652,12,4
04/06/2019,3588,30,9
05/06/2019,3874,24,7
06/06/2019,4281,12,7
07/06/2019,5348,20,10
08/06/2019,5517,30,10
09/06/2019,3240,10,2
10/06/2019,4285,22,2
11/06/2019,5375,27,9
12/06/2019,4467,29,2
13/06/2019,3592,22,3
14/06/2019,3995,2,4
15/06/2019,4496,27,6
16/06/2019,2586,2,8
17/06/2019,3342,17,1
18/06/2019,3644,14,1
19/06/2019,3136,9,4
20/06/2019,3346,5,1
21/06/2019,4645,28,8
22/06/2019,4124,5,3
23/06/2019,2514,4,10
24/06/2019,3026,23,7
25/06/2019,2393,18,8
26/06/2019,3349,11,7
27/06/2019,3930,4,2
28/06/2019,4020,18,8
29/06/2019,3611,29,6
30/06/2019,3083,10,4
01/07/2019,3341,9,4
02/07/2019,3187,2,7
03/07/2019,3717,14,5
04/07/2019,3657,21,3
05/07/2019,3975,28,5
06/07/2019,6668,13,1
07/07/2019,3426,14,4
08/07/2019,5530,8,8
09/07/2019,4996,34,5
10/07/2019,5428,10,1
11/07/2019,4681,8,4
12/07/2019,5344,33,8
13/07/2019,5513,32,5
14/07/2019,4104,15,1
15/07/2019,3600,9,8
16/07/2019,3237,22,9
17/07/2019,4637,26,10
18/07/2019,4100,5,7
19/07/2019,5864,8,3
20/07/2019,4759,26,5
21/07/2019,3115,12,4
22/07/2019,4488,29,4
23/07/2019,4674,10,1
24/07/2019,4020,24,4
25/07/2019,4065,5,9
26/07/2019,4302,35,1
27/07/2019,5711,33,9
28/07/2019,3184,13,10
29/07/2019,3903,30,2
30/07/2019,3814,5,4
31/07/2019,4896,22,8
01/08/2019,5561,13,5
02/08/2019,5170,10,7
03/08/2019,5811,33,3
04/08/2019,5061,4,3
05/08/2019,5638,3,7
06/08/2019,4735,10,8
07/08/2019,6652,13,7
08/08/2019,5958,20,1
09/08/2019,7536,3,10
10/08/2019,10794,32,3
11/08/2019,4492,35,8
12/08/2019,4044,25,1
13/08/2019,3761,11,5
14/08/2019,6215,5,3
15/08/2019,4576,25,7
16/08/2019,4770,33,8
17/08/2019,5622,6,5
18/08/2019,2934,10,10
19/08/2019,3959,21,10
20/08/2019,3491,32,10
21/08/2019,2813,1,8
22/08/2019,4133,4,6
23/08/2019,5646,2,7
24/08/2019,9504,35,3
25/08/2019,3996,4,9
26/08/2019,4286,23,6
27/08/2019,3067,27,10
28/08/2019,3870,13,9
29/08/2019,4710,20,1
30/08/2019,4052,2,5
31/08/2019,5768,31,8
01/09/2019,4105,11,8
02/09/2019,3479,11,9
03/09/2019,3882,34,4
04/09/2019,4750,10,10
05/09/2019,3730,22,2
06/09/2019,4242,34,3
07/09/2019,6409,19,4
08/09/2019,3806,28,8
09/09/2019,3967,25,6
10/09/2019,2700,24,6
11/09/2019,3833,23,9
12/09/2019,3838,15,8
13/09/2019,4932,3,3
14/09/2019,6219,11,5
15/09/2019,3700,27,2
16/09/2019,3963,7,9
17/09/2019,3276,15,5
18/09/2019,3180,20,2
19/09/2019,4408,8,2
20/09/2019,4020,5,1
21/09/2019,5264,8,7
22/09/2019,3830,30,10
23/09/2019,4652,23,5
24/09/2019,2154,35,9
25/09/2019,3753,32,6
26/09/2019,3564,3,3
27/09/2019,5437,18,10
28/09/2019,10047,21,2
29/09/2019,4036,5,9
30/09/2019,3773,32,5
01/10/2019,2913,28,2
02/10/2019,3495,29,5
03/10/2019,4092,15,8
04/10/2019,3984,22,5
05/10/2019,6038,12,8
06/10/2019,3503,21,7
07/10/2019,4693,17,5
08/10/2019,3225,25,8
09/10/2019,3407,25,8
10/10/2019,3838,0,7
11/10/2019,3370,35,8
12/10/2019,5243,30,10
13/10/2019,3358,8,7
14/10/2019,4011,0,5
15/10/2019,3757,6,6
16/10/2019,3140,7,2
17/10/2019,3438,23,9
18/10/2019,4612,2,1
19/10/2019,5892,27,1
20/10/2019,4666,22,1
21/10/2019,678,26,9
22/10/2019,3862,19,9
23/10/2019,3075,24,7
24/10/2019,3382,20,9
25/10/2019,3850,25,3
26/10/2019,5231,16,10
27/10/2019,3031,4,7
28/10/2019,4605,34,5
29/10/2019,3862,2,7
30/10/2019,2660,10,8
31/10/2019,3972,3,9
01/11/2019,6421,25,1
02/11/2019,5598,11,10
03/11/2019,3200,14,4
04/11/2019,4334,34,6
05/11/2019,3927,24,6
06/11/2019,4795,15,9
07/11/2019,4641,11,2
08/11/2019,6127,1,4
09/11/2019,8777,26,4
10/11/2019,5065,33,4
11/11/2019,4376,15,9
12/11/2019,3903,10,3
13/11/2019,3435,17,5
14/11/2019,4750,34,5
15/11/2019,5534,3,10
16/11/2019,5211,33,1
17/11/2019,4346,19,10
18/11/2019,3422,33,1
19/11/2019,4076,15,3
20/11/2019,4916,21,7
21/11/2019,3979,6,10
22/11/2019,4516,13,9
23/11/2019,3491,32,1
24/11/2019,4500,27,9
25/11/2019,4327,25,5
26/11/2019,4302,31,2
27/11/2019,4039,26,8
28/11/2019,4120,26,8
29/11/2019,9207,2,7
30/11/2019,7566,1,8
01/12/2019,5295,2,5
02/12/2019,5073,4,4
03/12/2019,5186,17,4
04/12/2019,6647,33,9
05/12/2019,5561,2,10
06/12/2019,7801,22,3
07/12/2019,8589,29,2
08/12/2019,5348,16,6
09/12/2019,7208,16,7
10/12/2019,6724,0,2
11/12/2019,8459,2,7
12/12/2019,8359,14,10
13/12/2019,9674,15,4
14/12/2019,11310,13,7
15/12/2019,9012,27,1
16/12/2019,9146,9,3
17/12/2019,11068,16,6
18/12/2019,12108,12,4
19/12/2019,14761,5,5
20/12/2019,15653,12,5
21/12/2019,14510,3,7
22/12/2019,11873,4,7
23/12/2019,22362,9,3
24/12/2019,15334,21,6
26/12/2019,9340,34,5
27/12/2019,9012,13,6
28/12/2019,8456,25,10
29/12/2019,5255,23,7
30/12/2019,7030,8,9
31/12/2019,1368,20,5
02/01/2020,8810,1,8
03/01/2020,10450,31,5
04/01/2020,9678,32,10
05/01/2020,6978,31,10
06/01/2020,8133,10,8
07/01/2020,7108,27,3
08/01/2020,6385,27,3
09/01/2020,7276,27,7
10/01/2020,7571,26,3
11/01/2020,7620,4,9
12/01/2020,5294,22,5
13/01/2020,7543,1,8
14/01/2020,7014,14,2
15/01/2020,5884,20,8
16/01/2020,6200,1,4
17/01/2020,7108,6,7
18/01/2020,8967,13,7
19/01/2020,6041,19,9
20/01/2020,4612,34,8
21/01/2020,4318,33,5
22/01/2020,5493,15,6
23/01/2020,6050,2,8
24/01/2020,7248,31,5
25/01/2020,7003,17,7
26/01/2020,4451,34,3
27/01/2020,6006,20,6
28/01/2020,4621,17,6
29/01/2020,5933,2,9
30/01/2020,5012,1,4
31/01/2020,5884,34,8
01/02/2020,5796,27,4
02/02/2020,5247,23,9
03/02/2020,3616,14,4
04/02/2020,3596,15,2
05/02/2020,4616,19,4
06/02/2020,5921,20,7
07/02/2020,6587,3,8
08/02/2020,5545,30,6
09/02/2020,3059,14,6
10/02/2020,3532,18,5
11/02/2020,4179,25,3
12/02/2020,3733,9,1
13/02/2020,4002,30,4
14/02/2020,5234,3,1
15/02/2020,5375,21,9
16/02/2020,3512,33,7
17/02/2020,3384,29,4
18/02/2020,5222,17,3
19/02/2020,3539,2,4
20/02/2020,4824,3,3
21/02/2020,3999,13,7
22/02/2020,3929,4,9
23/02/2020,3226,15,6
24/02/2020,3365,1,10
26/02/2020,3470,22,10
27/02/2020,4496,2,2
28/02/2020,5577,7,3
29/02/2020,6756,21,9
01/03/2020,2673,19,3
02/03/2020,2821,20,2
03/03/2020,1572,10,10
04/03/2020,1872,29,10
05/03/2020,2351,5,1
06/03/2020,2504,28,9
07/03/2020,2954,10,4
08/03/2020,3618,25,6
09/03/2020,2879,27,10
10/03/2020,3151,18,10
11/03/2020,9194,15,7
12/03/2020,2243,17,2
13/03/2020,3061,33,6
14/03/2020,3443,24,3
15/03/2020,4325,4,2
16/03/2020,3051,34,6
17/03/2020,2988,2,1
18/03/2020,5055,18,1
19/03/2020,2772,31,8
20/03/2020,2906,10,8
23/03/2020,3301,14,1
24/03/2020,3551,25,8
25/03/2020,2681,1,3
26/03/2020,2235,20,6
27/03/2020,2231,5,7
30/03/2020,2381,27,1
31/03/2020,2497,8,1
01/04/2020,3538,18,6
02/04/2020,6105,34,1
03/04/2020,2620,12,1
06/04/2020,2439,27,10
07/04/2020,2645,34,2
08/04/2020,2647,31,5
09/04/2020,2295,12,7
13/04/2020,3011,14,9
14/04/2020,4805,20,8
15/04/2020,2477,35,10
16/04/2020,3012,20,1
17/04/2020,935,4,4
20/04/2020,2848,11,4
22/04/2020,2715,27,5
24/04/2020,3098,16,1
27/04/2020,3551,32,2
28/04/2020,2771,3,6
29/04/2020,2770,12,3
30/04/2020,2911,20,2
04/05/2020,2865,34,3
05/05/2020,2874,18,9
06/05/2020,1754,27,6
07/05/2020,3756,28,3
08/05/2020,1061,31,4
11/05/2020,2594,27,4
12/05/2020,2046,4,4
13/05/2020,2277,32,3
14/05/2020,3156,16,8
15/05/2020,3577,33,9
18/05/2020,3577,22,1
19/05/2020,2061,10,6
20/05/2020,2141,31,7
21/05/2020,4173,23,5
22/05/2020,764,16,9
25/05/2020,883,31,6
26/05/2020,1835,11,2
27/05/2020,1345,4,7
28/05/2020,1036,22,9
29/05/2020,1238,1,1
01/06/2020,1107,33,4
02/06/2020,1114,17,2
03/06/2020,1729,27,6
04/06/2020,1301,33,8
05/06/2020,1908,22,8
06/06/2020,271,11,7
08/06/2020,769,2,1
09/06/2020,1965,18,1
10/06/2020,2203,22,9
11/06/2020,559,7,2
12/06/2020,2425,26,6
13/06/2020,550,24,2
14/06/2020,788,5,8
15/06/2020,1703,24,2
16/06/2020,2173,29,3
17/06/2020,1417,25,3
18/06/2020,1424,27,10
19/06/2020,1695,33,8
20/06/2020,1333,13,1
21/06/2020,1051,23,5
22/06/2020,1313,32,7
23/06/2020,1360,19,1
24/06/2020,1338,15,3
25/06/2020,1513,31,8
26/06/2020,1573,34,1
27/06/2020,1578,32,5
28/06/2020,877,8,9
29/06/2020,1769,10,3
30/06/2020,1691,9,9
01/07/2020,2071,31,7
02/07/2020,2358,31,6
03/07/2020,2375,9,1
04/07/2020,2146,13,5
05/07/2020,1431,29,4
06/07/2020,1936,16,4
07/07/2020,2001,24,1
08/07/2020,1802,19,5
09/07/2020,2082,3,6
10/07/2020,2452,19,9
11/07/2020,2240,13,3
12/07/2020,1882,21,7
13/07/2020,2386,2,4
14/07/2020,2490,10,1
15/07/2020,2456,23,7
16/07/2020,2670,21,3
17/07/2020,2194,18,5
18/07/2020,2708,23,6
19/07/2020,2170,23,3
20/07/2020,2529,3,9
21/07/2020,2378,17,5
22/07/2020,3117,9,2
23/07/2020,2903,4,9
24/07/2020,2121,19,1
25/07/2020,3336,15,10
26/07/2020,1828,11,10
27/07/2020,2912,33,4
28/07/2020,2652,6,8
29/07/2020,2536,18,10
30/07/2020,2289,18,6
31/07/2020,3446,24,3
01/08/2020,2937,12,4
02/08/2020,1642,31,10
03/08/2020,2608,1,10
04/08/2020,3387,4,9
05/08/2020,2891,5,7
06/08/2020,4079,29,8
07/08/2020,4480,11,10
08/08/2020,4757,4,3
09/08/2020,1607,8,7
10/08/2020,2587,29,10
11/08/2020,2351,6,3
12/08/2020,2721,1,1
13/08/2020,2373,13,9
14/08/2020,2386,3,6
15/08/2020,3594,9,2
16/08/2020,1983,30,5
17/08/2020,2367,23,9
18/08/2020,2775,22,7
19/08/2020,2604,5,4
20/08/2020,2522,33,3
21/08/2020,3142,6,9
22/08/2020,4163,34,8
23/08/2020,2183,25,1
24/08/2020,2718,7,8
25/08/2020,2992,22,7
26/08/2020,3298,4,1
27/08/2020,2590,17,10
28/08/2020,2946,4,6
29/08/2020,3904,32,1
30/08/2020,2972,15,7
31/08/2020,2815,24,3
01/09/2020,2861,35,8
02/09/2020,2941,33,7
03/09/2020,3149,2,3
04/09/2020,2406,9,6
05/09/2020,4307,13,3
06/09/2020,3141,21,10
07/09/2020,2130,18,3
08/09/2020,2577,25,7
09/09/2020,3468,18,9
10/09/2020,4225,11,6
11/09/2020,3795,33,8
12/09/2020,4133,5,9
13/09/2020,2714,23,7
14/09/2020,2737,22,3
15/09/2020,3997,28,3
16/09/2020,3298,4,2
17/09/2020,3067,5,9
18/09/2020,3720,8,7
19/09/2020,3722,13,8
20/09/2020,1907,31,10
21/09/2020,4091,18,9
22/09/2020,2372,11,9
23/09/2020,3239,32,1
24/09/2020,3086,29,2
25/09/2020,3642,7,6
26/09/2020,4410,7,4
27/09/2020,2704,33,8
28/09/2020,2458,20,5
29/09/2020,2535,32,2
30/09/2020,2937,11,8
01/10/2020,2680,22,1
02/10/2020,3592,5,7
03/10/2020,5681,27,7
04/10/2020,3302,22,9
05/10/2020,3304,1,8
06/10/2020,3062,11,10
07/10/2020,2780,14,1
08/10/2020,3574,23,10
09/10/2020,4170,14,1
10/10/2020,4972,7,1
11/10/2020,2865,0,7
12/10/2020,3701,8,4
13/10/2020,2591,20,7
14/10/2020,6872,11,6
15/10/2020,3709,20,5
16/10/2020,3143,3,6
17/10/2020,4855,26,7
18/10/2020,3140,19,8
19/10/2020,416,31,4
20/10/2020,3035,31,6
21/10/2020,3960,5,5
22/10/2020,2607,10,8
23/10/2020,3695,25,6
24/10/2020,5382,32,3
25/10/2020,2746,17,3
26/10/2020,2399,10,1
27/10/2020,3141,6,8
28/10/2020,4002,0,4
29/10/2020,3365,32,4
30/10/2020,3185,24,3
31/10/2020,6240,26,4
01/11/2020,4170,33,6
02/11/2020,3029,14,8
03/11/2020,2876,11,7
04/11/2020,3115,7,10
05/11/2020,3496,12,7
06/11/2020,3434,31,1
07/11/2020,4161,19,9
08/11/2020,3134,12,10
09/11/2020,2989,6,5
10/11/2020,2746,24,6
11/11/2020,2953,25,8
12/11/2020,4082,6,7
13/11/2020,3327,4,2
14/11/2020,4521,22,8
15/11/2020,2085,30,9
16/11/2020,2395,33,1
17/11/2020,2919,3,7
18/11/2020,3921,17,8
19/11/2020,3090,5,9
20/11/2020,4023,32,9
21/11/2020,5354,4,10
22/11/2020,3836,8,7
23/11/2020,3209,30,5
24/11/2020,3469,27,6
25/11/2020,3069,23,10
26/11/2020,2305,22,6
27/11/2020,4950,8,1
28/11/2020,4164,12,7
29/11/2020,3737,22,3
30/11/2020,3080,35,5
01/12/2020,3062,7,8
02/12/2020,3284,25,8
03/12/2020,3976,5,6
04/12/2020,4497,34,7
05/12/2020,7367,14,4
06/12/2020,5886,35,2
07/12/2020,4568,10,10
08/12/2020,5116,19,6
09/12/2020,5018,33,2
10/12/2020,5202,11,9
11/12/2020,5229,2,1
12/12/2020,8537,19,7
13/12/2020,6141,30,8
14/12/2020,6937,9,4
15/12/2020,7890,0,2
16/12/2020,7699,8,5
17/12/2020,8965,29,6
18/12/2020,9923,32,7
19/12/2020,14103,19,4
20/12/2020,8041,23,7
21/12/2020,13579,13,5
22/12/2020,13687,14,4
23/12/2020,18292,9,8
24/12/2020,12662,35,5
26/12/2020,7787,10,5
27/12/2020,5460,10,1
28/12/2020,10975,4,7
29/12/2020,8967,11,10
30/12/2020,9213,6,4
31/12/2020,1958,5,6
02/01/2021,10714,29,10
03/01/2021,5687,1,1
04/01/2021,8400,9,4
05/01/2021,7923,22,7
06/01/2021,5940,16,6
07/01/2021,5940,16,6
08/01/2021,6278,32,9
09/01/2021,8133,5,2
10/01/2021,4485,29,7
11/01/2021,5612,22,1
12/01/2021,4651,3,5
13/01/2021,5296,20,9
14/01/2021,7151,0,1
15/01/2021,5882,35,8
16/01/2021,6076,27,8
17/01/2021,3755,1,1
18/01/2021,4332,31,3
19/01/2021,3153,31,9
20/01/2021,3050,17,5
21/01/2021,4782,17,4
22/01/2021,4908,26,10
23/01/2021,6443,12,8
24/01/2021,4714,32,4
25/01/2021,5013,32,5
26/01/2021,4446,1,6
27/01/2021,4569,28,3
28/01/2021,3796,23,6
29/01/2021,4637,23,3
30/01/2021,4582,18,8
31/01/2021,2263,17,4
01/02/2021,2873,20,5
02/02/2021,3410,7,5
03/02/2021,3187,23,9
04/02/2021,3556,15,4
05/02/2021,3154,12,7
06/02/2021,6927,25,10
07/02/2021,4822,22,5
08/02/2021,4163,35,5
09/02/2021,3255,35,6
10/02/2021,4410,31,1
11/02/2021,3304,30,9
12/02/2021,3697,11,6
13/02/2021,5870,14,3
14/02/2021,3369,27,6
15/02/2021,5002,28,1
16/02/2021,2373,32,10
17/02/2021,4467,29,1
18/02/2021,3622,16,10
19/02/2021,4029,28,10
20/02/2021,5461,20,4
21/02/2021,4415,18,3
22/02/2021,3068,34,10
23/02/2021,3111,29,9
24/02/2021,3289,33,9
25/02/2021,4090,3,7
26/02/2021,4931,18,8
27/02/2021,6975,4,10
28/02/2021,3858,2,3
01/03/2021,2686,2,2
02/03/2021,4014,23,4
03/03/2021,3315,25,1
04/03/2021,3218,11,5
05/03/2021,3348,17,6
06/03/2021,4998,33,4
07/03/2021,3104,32,1
08/03/2021,2886,18,9
09/03/2021,2297,1,10
10/03/2021,3022,9,6
11/03/2021,3172,35,3
12/03/2021,3000,26,2
13/03/2021,5345,14,3
14/03/2021,2471,2,2
15/03/2021,3477,7,10
16/03/2021,3419,14,1
17/03/2021,3046,16,7
18/03/2021,3077,15,5
19/03/2021,3520,20,4
20/03/2021,4542,35,9
21/03/2021,2398,6,6
22/03/2021,3103,28,10
23/03/2021,4655,21,10
24/03/2021,3747,17,4
25/03/2021,4885,14,8
26/03/2021,258,32,3
27/03/2021,436,27,10
29/03/2021,648,9,4
30/03/2021,544,28,9
31/03/2021,1109,10,8
01/04/2021,549,35,7
03/04/2021,161,1,3
05/04/2021,504,23,5
06/04/2021,432,12,3
07/04/2021,690,14,1
08/04/2021,2937,33,2
09/04/2021,2278,29,1
10/04/2021,3057,21,9
11/04/2021,1877,30,6
12/04/2021,2695,0,4
13/04/2021,3020,28,8
14/04/2021,2904,0,1
15/04/2021,2545,19,8
16/04/2021,2632,24,9
17/04/2021,4298,9,9
18/04/2021,3867,4,6
19/04/2021,3488,29,4
20/04/2021,5132,32,5
21/04/2021,4330,17,5
22/04/2021,3255,27,2
23/04/2021,5363,7,10
24/04/2021,6265,15,1
25/04/2021,3169,22,5
26/04/2021,3004,7,7
27/04/2021,4144,14,6
28/04/2021,3134,22,7
29/04/2021,4095,5,6
30/04/2021,4434,31,9
01/05/2021,6375,21,2
02/05/2021,4798,5,4
03/05/2021,3664,27,10
04/05/2021,3510,22,1
05/05/2021,5109,32,5
06/05/2021,6074,32,5
07/05/2021,6330,15,1
08/05/2021,13667,6,6
09/05/2021,2871,25,1
10/05/2021,3536,1,5
11/05/2021,4498,27,6
12/05/2021,3040,14,3
13/05/2021,4897,25,9
14/05/2021,4371,33,2
15/05/2021,7092,7,7
16/05/2021,3680,16,10
17/05/2021,3481,1,6
18/05/2021,3662,29,2
19/05/2021,3794,33,4
20/05/2021,3567,7,4
21/05/2021,3786,3,5
22/05/2021,5943,33,8
23/05/2021,3335,32,10
24/05/2021,3107,17,7
25/05/2021,3688,8,2
26/05/2021,3134,16,9
27/05/2021,4566,29,8
28/05/2021,2626,19,5
29/05/2021,4860,27,2
30/05/2021,3544,2,7
31/05/2021,3148,14,7
01/06/2021,3399,24,1
02/06/2021,2953,25,7
03/06/2021,3377,2,3
04/06/2021,4289,11,1
05/06/2021,4807,21,8
06/06/2021,3236,14,4
07/06/2021,3755,22,1
08/06/2021,4429,33,6
09/06/2021,3782,32,10
10/06/2021,4350,5,1
11/06/2021,7240,15,7
12/06/2021,7414,8,3
13/06/2021,4003,31,2
14/06/2021,2616,7,4
15/06/2021,2357,30,4
16/06/2021,3055,31,8
17/06/2021,3298,8,9
18/06/2021,4319,6,4
19/06/2021,7035,12,6
20/06/2021,3272,20,9
21/06/2021,2688,13,2
22/06/2021,3708,9,7
23/06/2021,3565,30,2
24/06/2021,3384,24,5
25/06/2021,3976,13,4
26/06/2021,5842,17,7
27/06/2021,4269,23,5
28/06/2021,2955,17,3
29/06/2021,3366,22,10
30/06/2021,3396,17,2
01/07/2021,3467,3,7
02/07/2021,4860,13,10
03/07/2021,5675,10,5
04/07/2021,4014,16,9
05/07/2021,3557,21,3
06/07/2021,3812,28,8
07/07/2021,3510,27,3
08/07/2021,4243,10,8
09/07/2021,4809,3,8
10/07/2021,6904,6,8
11/07/2021,3161,14,4
12/07/2021,3285,32,2
13/07/2021,4577,4,1
14/07/2021,4035,18,5
15/07/2021,3350,34,3
16/07/2021,4336,8,7
17/07/2021,7321,6,5
18/07/2021,4562,15,2
19/07/2021,3978,5,1
20/07/2021,4279,11,8
21/07/2021,3892,5,6
22/07/2021,4587,29,7
23/07/2021,4722,11,9
24/07/2021,5602,32,2
25/07/2021,3606,20,8
26/07/2021,3663,20,9
27/07/2021,4090,26,1
28/07/2021,5192,14,1
29/07/2021,3370,31,4
30/07/2021,3681,30,4
31/07/2021,5672,18,2
01/08/2021,3543,27,1
02/08/2021,3839,17,1
03/08/2021,3172,12,6
04/08/2021,4178,14,9
05/08/2021,4920,19,1
06/08/2021,5968,25,4
07/08/2021,7710,17,10
08/08/2021,3911,23,1
09/08/2021,2817,22,7
10/08/2021,3582,2,5
11/08/2021,4111,16,9
12/08/2021,3562,29,8
13/08/2021,3788,32,1
14/08/2021,7689,20,1
15/08/2021,4458,12,9
16/08/2021,4084,1,10
17/08/2021,2875,26,5
18/08/2021,3053,6,2
19/08/2021,4777,25,6
20/08/2021,4923,9,2
21/08/2021,5574,22,10
22/08/2021,3295,18,10
23/08/2021,3051,32,9
24/08/2021,2403,28,5
25/08/2021,2958,11,1
26/08/2021,2736,12,4
27/08/2021,2873,12,10
28/08/2021,5484,9,1
29/08/2021,4639,21,7
30/08/2021,3383,26,10
31/08/2021,3784,14,3
01/09/2021,3646,24,2
02/09/2021,3608,28,3
03/09/2021,3582,31,7
04/09/2021,5828,23,9
05/09/2021,4808,26,7
06/09/2021,6372,24,9
07/09/2021,4485,31,2
08/09/2021,2687,30,9
09/09/2021,4044,11,6
10/09/2021,4090,9,9
11/09/2021,6160,17,5
12/09/2021,4535,15,5
13/09/2021,3611,13,3
14/09/2021,2897,0,5
15/09/2021,3112,31,8
16/09/2021,3344,17,8
17/09/2021,4209,23,4
18/09/2021,6583,9,3
19/09/2021,4404,22,10
20/09/2021,3022,26,1
21/09/2021,2594,15,6
22/09/2021,3401,35,3
23/09/2021,3547,28,6
24/09/2021,3536,18,4
25/09/2021,6036,28,7
26/09/2021,4149,29,1
27/09/2021,3174,6,4
28/09/2021,2778,14,6
29/09/2021,3201,31,4
30/09/2021,3455,6,7
01/10/2021,5580,24,2
02/10/2021,7511,3,2
03/10/2021,3601,30,5
04/10/2021,3713,19,3
05/10/2021,3271,18,5
06/10/2021,3798,30,7
07/10/2021,6496,15,3
08/10/2021,4618,25,8
09/10/2021,6787,15,9
10/10/2021,5480,8,1
11/10/2021,7521,6,10
12/10/2021,4976,12,4
13/10/2021,3247,35,8
14/10/2021,4061,18,1
15/10/2021,4316,19,9
16/10/2021,6529,17,5
17/10/2021,3908,10,6
18/10/2021,433,20,4
19/10/2021,4021,0,4
20/10/2021,3948,31,6
21/10/2021,4006,25,6
22/10/2021,2787,25,3
23/10/2021,5895,25,7
24/10/2021,4558,12,6
25/10/2021,3564,14,7
26/10/2021,3251,6,8
27/10/2021,3369,35,1
28/10/2021,6816,21,2
29/10/2021,4803,14,1
30/10/2021,4819,30,4
31/10/2021,4212,9,2
01/11/2021,5140,17,3
02/11/2021,4710,13,1
03/11/2021,3461,24,2
04/11/2021,2865,29,9
05/11/2021,4365,3,9
06/11/2021,7714,32,2
07/11/2021,4069,31,2
08/11/2021,3675,10,8
09/11/2021,4493,15,8
10/11/2021,4031,30,9
11/11/2021,3852,1,7
12/11/2021,5238,6,2
13/11/2021,7836,19,7
14/11/2021,5048,29,4
15/11/2021,4912,15,1
16/11/2021,3691,6,2
17/11/2021,4408,4,4
18/11/2021,4764,29,9
19/11/2021,8044,6,9
20/11/2021,8244,15,9
21/11/2021,5355,26,4
22/11/2021,4442,2,3
23/11/2021,3147,23,3
24/11/2021,4252,26,9
25/11/2021,4271,4,2
26/11/2021,4993,14,8
27/11/2021,8951,13,7
28/11/2021,7138,0,5
29/11/2021,4705,16,2
30/11/2021,6032,25,9
01/12/2021,4503,24,2
02/12/2021,6914,6,3
03/12/2021,5303,2,10
04/12/2021,11116,34,10
05/12/2021,7537,35,2
06/12/2021,6574,28,2
07/12/2021,6087,4,6
08/12/2021,8624,6,1
09/12/2021,7617,16,4
10/12/2021,8178,25,5
11/12/2021,10466,8,5
12/12/2021,7797,14,10
13/12/2021,11680,6,9
14/12/2021,8753,33,6
15/12/2021,12082,4,4
16/12/2021,10539,31,4
17/12/2021,11739,2,9
18/12/2021,17465,5,2
19/12/2021,13319,32,3
20/12/2021,17995,0,7
21/12/2021,18561,21,4
22/12/2021,22243,8,7
23/12/2021,26416,17,4
24/12/2021,16932,7,4
26/12/2021,7749,21,4
27/12/2021,9289,18,5
28/12/2021,12939,17,5
29/12/2021,9743,23,2
30/12/2021,10330,12,9
31/12/2021,4787,18,10
02/01/2022,9814,33,5
03/01/2022,8792,30,4
04/01/2022,9409,26,8
05/01/2022,7500,32,9
06/01/2022,7122,28,1
07/01/2022,9733,3,7
08/01/2022,12119,20,3
09/01/2022,8122,26,6
10/01/2022,7256,26,1
11/01/2022,5151,30,6
12/01/2022,5981,35,8
13/01/2022,6842,27,2
14/01/2022,6812,0,4
15/01/2022,10734,32,1
16/01/2022,6743,35,2
17/01/2022,5359,0,2
18/01/2022,5819,16,2
19/01/2022,7094,26,5
20/01/2022,5493,2,9
21/01/2022,6361,22,3
22/01/2022,8085,34,6
23/01/2022,6003,15,7
24/01/2022,5739,4,3
25/01/2022,5811,32,2
26/01/2022,3837,19,9
27/01/2022,5888,19,9
28/01/2022,5392,28,1
29/01/2022,10812,12,9
30/01/2022,8745,33,6
31/01/2022,5406,11,8
01/02/2022,5841,35,6
02/02/2022,4879,1,1
03/02/2022,4994,33,9
04/02/2022,5834,13,1
05/02/2022,8779,35,10
06/02/2022,6277,11,9
07/02/2022,4086,14,7
08/02/2022,5310,6,8
09/02/2022,4317,11,9
10/02/2022,5125,22,5
11/02/2022,5775,32,2
12/02/2022,10182,9,3
13/02/2022,6566,9,8
14/02/2022,5081,30,7
15/02/2022,4513,11,9
16/02/2022,5478,14,8
17/02/2022,4552,20,6
18/02/2022,6558,18,3
19/02/2022,10364,4,8
20/02/2022,6547,12,10
21/02/2022,4875,28,5
22/02/2022,4589,34,6
23/02/2022,4751,33,6
24/02/2022,4732,8,1
25/02/2022,4317,31,1
26/02/2022,6908,29,4
27/02/2022,4367,24,9
28/02/2022,6136,33,5
01/03/2022,4109,11,10
02/03/2022,5881,31,10
03/03/2022,4160,34,6
04/03/2022,5411,10,10
05/03/2022,7977,4,10
06/03/2022,4944,18,4
07/03/2022,3747,14,5
08/03/2022,3796,24,5
09/03/2022,5327,6,2
10/03/2022,3783,7,5
11/03/2022,6205,11,4
12/03/2022,9474,4,4
13/03/2022,6029,34,5
14/03/2022,4389,1,2
15/03/2022,3899,19,10
16/03/2022,4360,1,1
17/03/2022,5207,0,2
18/03/2022,5500,15,8
19/03/2022,8032,2,4
20/03/2022,5369,25,5
21/03/2022,3986,17,4
22/03/2022,5031,12,4
23/03/2022,4220,26,1
24/03/2022,4515,8,2
25/03/2022,4667,27,3
26/03/2022,9026,7,9
27/03/2022,5434,1,6
28/03/2022,4786,18,4
29/03/2022,3832,0,2
30/03/2022,4671,5,2
31/03/2022,6233,7,7
01/04/2022,4735,13,4
02/04/2022,10832,32,8
03/04/2022,6402,28,3
04/04/2022,5100,22,10
05/04/2022,5718,14,9
06/04/2022,5288,21,8
07/04/2022,5878,3,3
08/04/2022,6648,28,9
09/04/2022,8833,27,4
10/04/2022,7715,35,7
11/04/2022,4549,25,6
12/04/2022,4899,34,9
13/04/2022,5599,34,9
14/04/2022,9137,18,3
15/04/2022,5619,34,1
16/04/2022,9304,13,8
17/04/2022,4119,25,5
18/04/2022,4688,16,7
19/04/2022,6004,26,4
20/04/2022,6889,7,4
21/04/2022,5915,6,4
22/04/2022,6617,21,2
23/04/2022,8310,21,5
24/04/2022,5496,26,3
25/04/2022,4222,27,8
26/04/2022,4862,0,7
27/04/2022,4783,18,3
28/04/2022,5080,26,5
29/04/2022,5351,32,3
30/04/2022,11887,14,6
01/05/2022,6901,18,6
02/05/2022,5560,22,5
03/05/2022,6286,9,4
04/05/2022,5943,28,7
05/05/2022,8427,12,3
06/05/2022,9922,26,5
07/05/2022,17054,14,10
08/05/2022,6285,27,4
09/05/2022,4357,14,3
10/05/2022,5833,31,9
11/05/2022,5718,14,10
12/05/2022,6082,28,2
13/05/2022,7674,2,2
14/05/2022,11742,9,5
15/05/2022,7422,4,3
16/05/2022,5301,22,10
17/05/2022,6185,34,6
18/05/2022,5774,15,7
19/05/2022,5127,27,4
20/05/2022,7105,19,10
21/05/2022,9898,8,7
22/05/2022,5475,0,4
23/05/2022,4905,31,1
24/05/2022,5374,32,7
25/05/2022,4323,24,2
26/05/2022,4901,19,7
27/05/2022,5140,27,8
28/05/2022,8050,23,3
29/05/2022,5209,13,7
30/05/2022,4513,32,5
31/05/2022,8058,7,10
01/06/2022,4938,33,10
02/06/2022,4840,2,1
03/06/2022,6043,30,3
04/06/2022,11958,14,6
05/06/2022,7509,33,3
06/06/2022,4589,34,2
07/06/2022,4217,35,2
08/06/2022,4712,18,2
09/06/2022,6269,29,3
10/06/2022,6591,24,10
11/06/2022,10574,28,3
12/06/2022,9279,19,1
13/06/2022,6532,28,4
14/06/2022,4586,17,8
15/06/2022,4892,28,8
16/06/2022,6730,7,3
17/06/2022,6252,24,2
18/06/2022,7884,15,8
19/06/2022,5971,22,9
20/06/2022,3468,0,8
21/06/2022,3450,5,9
22/06/2022,3904,8,9
23/06/2022,4556,29,1
24/06/2022,4417,13,1
25/06/2022,7650,29,9
26/06/2022,5495,34,1
27/06/2022,3404,35,8
28/06/2022,4514,16,6
29/06/2022,4751,22,3
30/06/2022,5885,5,10
01/07/2022,5623,34,2
02/07/2022,9452,27,3
03/07/2022,5214,23,10
04/07/2022,4499,29,5
05/07/2022,4606,33,3
06/07/2022,4758,3,3
07/07/2022,5945,23,8
08/07/2022,5817,35,7
09/07/2022,7689,9,10
10/07/2022,6628,9,6
11/07/2022,5005,8,7
12/07/2022,6477,2,2
13/07/2022,5415,24,5
14/07/2022,6468,0,7
15/07/2022,7647,35,7
16/07/2022,9161,3,2
17/07/2022,6763,35,1
18/07/2022,5862,0,2
19/07/2022,5533,29,6
20/07/2022,5437,29,4
21/07/2022,6672,34,10
22/07/2022,6363,18,4
23/07/2022,9152,25,4
24/07/2022,4602,9,9
25/07/2022,5845,14,1
26/07/2022,4408,23,6
27/07/2022,5494,31,2
28/07/2022,5570,34,4
29/07/2022,7543,35,5
30/07/2022,11442,26,4
31/07/2022,6388,33,1
01/08/2022,6331,18,8
02/08/2022,4552,22,8
03/08/2022,5154,35,10
04/08/2022,5676,6,2
05/08/2022,7876,14,6
06/08/2022,12960,0,7
07/08/2022,7668,4,3
08/08/2022,5960,13,2
09/08/2022,5248,28,4
10/08/2022,8604,8,9
11/08/2022,8686,27,3
12/08/2022,10254,32,2
13/08/2022,13414,2,10
14/08/2022,6863,11,3
15/08/2022,4560,24,8
16/08/2022,5134,31,2
17/08/2022,4637,3,7
18/08/2022,4836,2,3
19/08/2022,4921,35,4
20/08/2022,11093,27,4
21/08/2022,6507,34,6
22/08/2022,6224,18,8
23/08/2022,6623,34,6
24/08/2022,5129,25,4
25/08/2022,5956,10,4
26/08/2022,4963,18,1
27/08/2022,8496,9,4
28/08/2022,5471,15,10
29/08/2022,3710,21,8
30/08/2022,5628,25,1
31/08/2022,4264,33,5
01/09/2022,4553,14,6
02/09/2022,4322,31,3
03/09/2022,8613,5,4
04/09/2022,6522,5,8
05/09/2022,3909,18,3
06/09/2022,4258,7,2
07/09/2022,5311,18,8
08/09/2022,4607,29,3
09/09/2022,5505,19,2
10/09/2022,9216,25,7
11/09/2022,6061,19,7
12/09/2022,4927,15,1
13/09/2022,5549,25,10
14/09/2022,6591,29,8
15/09/2022,5973,22,8
16/09/2022,7097,14,7
17/09/2022,9182,15,1
18/09/2022,6395,22,7
19/09/2022,5643,5,3
20/09/2022,4803,31,2
21/09/2022,5696,1,10
22/09/2022,5934,13,2
23/09/2022,5817,26,2
24/09/2022,9577,30,10
25/09/2022,7997,26,5
26/09/2022,6399,30,2
27/09/2022,4111,13,5
28/09/2022,4167,18,9
29/09/2022,5476,29,3
30/09/2022,6628,27,10
01/10/2022,11359,14,7
02/10/2022,4728,20,9
03/10/2022,4704,19,10
04/10/2022,5330,9,3
05/10/2022,10640,13,4
06/10/2022,5290,18,1
07/10/2022,7341,1,5
08/10/2022,12276,32,6
09/10/2022,9050,0,6
10/10/2022,6842,5,1
11/10/2022,7743,15,7
12/10/2022,9569,21,9
13/10/2022,6436,31,6
14/10/2022,6913,33,9
15/10/2022,9465,10,3
16/10/2022,8197,0,5
17/10/2022,1857,1,3
18/10/2022,22231,35,3
19/10/2022,7227,34,10
20/10/2022,6339,11,9
21/10/2022,6719,29,8
22/10/2022,10939,26,7
23/10/2022,7695,10,9
24/10/2022,5553,27,2
25/10/2022,6113,24,1
26/10/2022,5398,10,7
27/10/2022,5350,6,1
28/10/2022,6477,34,7
29/10/2022,9030,14,8
30/10/2022,5188,21,7
31/10/2022,5190,27,7
01/11/2022,4154,34,10
02/11/2022,7555,9,4
03/11/2022,7609,4,5
04/11/2022,6570,33,6
05/11/2022,10890,26,1
06/11/2022,6917,25,2
07/11/2022,6126,9,10
08/11/2022,5673,28,2
09/11/2022,5702,0,5
10/11/2022,6105,20,10
11/11/2022,7592,6,1
12/11/2022,11291,32,7
13/11/2022,6921,6,10
14/11/2022,8298,35,5
15/11/2022,6456,17,3
16/11/2022,19826,32,8
17/11/2022,6193,30,2
18/11/2022,5697,12,5
19/11/2022,9374,26,6
20/11/2022,5528,7,3
21/11/2022,3961,10,3
22/11/2022,5592,17,9
23/11/2022,5989,29,3
24/11/2022,3590,5,1
25/11/2022,7902,31,2
26/11/2022,11640,17,3
27/11/2022,8023,19,1
28/11/2022,4940,21,10
29/11/2022,6931,27,9
30/11/2022,5629,31,6
01/12/2022,6755,13,5
02/12/2022,3385,34,5
03/12/2022,12120,2,6
04/12/2022,8185,3,9
05/12/2022,3888,33,2
06/12/2022,7470,32,3
07/12/2022,8235,12,9
08/12/2022,8190,15,2
09/12/2022,5682,17,2
10/12/2022,13001,33,3
11/12/2022,9768,34,4
12/12/2022,12319,15,5
13/12/2022,11383,13,3
14/12/2022,24489,22,4
15/12/2022,11823,13,9
16/12/2022,12647,22,2
17/12/2022,16911,18,6
18/12/2022,10525,34,6
19/12/2022,18445,20,3
20/12/2022,19118,28,10
21/12/2022,22823,34,1
22/12/2022,24968,33,4
23/12/2022,29492,13,7
24/12/2022,19226,33,4
26/12/2022,13948,27,4
27/12/2022,12353,18,8
28/12/2022,10555,10,4
29/12/2022,10499,9,1
30/12/2022,13435,23,5
31/12/2022,3472,29,5
02/01/2023,10860,13,4
03/01/2023,10205,29,10
04/01/2023,8879,32,4
05/01/2023,9834,8,4
06/01/2023,10513,24,7
07/01/2023,16529,0,5
08/01/2023,8266,28,5
09/01/2023,9771,9,5
10/01/2023,9841,10,8
11/01/2023,8063,34,2
12/01/2023,8316,11,2
13/01/2023,9563,7,9
14/01/2023,13681,25,8
15/01/2023,7716,0,2
16/01/2023,6628,13,8
17/01/2023,7454,8,5
18/01/2023,6091,7,1
19/01/2023,7668,4,2
20/01/2023,10487,28,8
21/01/2023,13750,27,2
22/01/2023,8742,14,2
23/01/2023,9190,12,8
24/01/2023,7318,18,7
25/01/2023,9871,3,9
26/01/2023,8185,11,7
27/01/2023,11609,16,7
28/01/2023,11355,1,3
29/01/2023,8538,0,4
30/01/2023,6472,15,6
31/01/2023,7924,18,1
01/02/2023,9573,15,2
02/02/2023,5826,6,8
03/02/2023,7677,23,10
04/02/2023,12443,30,1
05/02/2023,7276,1,9
06/02/2023,5383,22,6
07/02/2023,4657,21,6
08/02/2023,5992,16,6
09/02/2023,5981,13,7
10/02/2023,7951,7,2
11/02/2023,10941,19,8
12/02/2023,7918,15,2
13/02/2023,6077,6,1
14/02/2023,5592,3,8
15/02/2023,5210,17,1
16/02/2023,5743,17,3
17/02/2023,6263,1,6
18/02/2023,7859,16,6
19/02/2023,5827,1,3
20/02/2023,5375,27,3
21/02/2023,525,34,2
22/02/2023,6053,6,7
23/02/2023,6545,25,1
24/02/2023,6067,7,9
25/02/2023,10449,33,9
26/02/2023,7861,9,5
27/02/2023,4589,3,2
28/02/2023,5988,0,7
01/03/2023,6095,19,10
02/03/2023,6253,11,5
03/03/2023,8201,19,3
04/03/2023,12458,10,10
05/03/2023,7224,32,2
06/03/2023,5213,6,8
07/03/2023,5626,21,3
08/03/2023,6748,27,6
09/03/2023,5709,11,10
10/03/2023,7075,32,5
11/03/2023,12784,31,4
12/03/2023,9502,23,8
13/03/2023,5883,33,2
14/03/2023,7363,34,8
15/03/2023,5981,25,7
16/03/2023,5553,1,2
17/03/2023,6299,32,8
18/03/2023,12450,24,4
19/03/2023,8126,16,5
20/03/2023,5314,23,1
21/03/2023,5154,21,1
22/03/2023,5443,25,9
23/03/2023,4829,11,2
24/03/2023,8622,21,8
25/03/2023,12755,5,8
26/03/2023,9126,3,1
27/03/2023,6317,25,7
28/03/2023,5625,30,7
29/03/2023,5403,19,1
30/03/2023,6473,26,1
31/03/2023,7536,11,1
01/04/2023,12043,2,3
02/04/2023,9534,29,2
03/04/2023,5056,25,6
04/04/2023,5742,6,4
05/04/2023,5918,20,3
06/04/2023,6860,25,7
07/04/2023,7497,27,10
08/04/2023,14587,13,8
09/04/2023,6206,9,5
10/04/2023,7180,20,2
11/04/2023,5536,0,8
12/04/2023,6619,35,10
13/04/2023,6537,34,2
14/04/2023,8024,1,8
15/04/2023,13412,15,6
16/04/2023,9911,8,2
17/04/2023,5526,24,3
18/04/2023,7092,35,9
19/04/2023,5087,34,4
20/04/2023,6485,11,2
21/04/2023,7622,0,1
22/04/2023,10899,11,2
23/04/2023,7749,23,8
24/04/2023,5471,8,7
25/04/2023,5557,11,10
26/04/2023,4994,26,6
27/04/2023,6134,26,1
28/04/2023,8106,0,10
29/04/2023,13025,20,5
30/04/2023,8686,12,7
01/05/2023,9679,20,9
02/05/2023,4979,25,3
03/05/2023,5756,21,2
04/05/2023,6010,0,3
05/05/2023,7973,27,6
06/05/2023,12262,33,6
07/05/2023,8367,35,9
08/05/2023,5928,18,1
09/05/2023,6529,21,10
10/05/2023,6150,34,7
11/05/2023,8007,10,8
12/05/2023,11628,23,8
13/05/2023,17409,16,8
14/05/2023,5496,16,5
15/05/2023,4523,16,10
16/05/2023,4276,0,8
17/05/2023,6020,22,9
18/05/2023,5298,18,8
19/05/2023,5596,34,1
20/05/2023,10762,28,9
21/05/2023,6287,23,10
22/05/2023,5019,21,3
23/05/2023,5484,8,2
24/05/2023,4971,19,5
25/05/2023,4421,29,10
26/05/2023,5956,27,7
27/05/2023,10653,33,10
28/05/2023,6291,27,9
29/05/2023,4046,12,4
30/05/2023,4894,32,3
31/05/2023,4954,35,8
01/06/2023,5205,15,1
02/06/2023,8142,10,2
03/06/2023,11909,12,5
04/06/2023,7810,8,6
05/06/2023,4902,1,9
06/06/2023,6121,14,8
07/06/2023,7070,20,3
08/06/2023,6930,10,1
09/06/2023,9495,17,6
10/06/2023,10169,22,7
11/06/2023,7931,15,1
12/06/2023,8788,30,3
13/06/2023,5017,16,3
14/06/2023,5350,0,6
15/06/2023,5988,16,8
16/06/2023,6299,15,9
17/06/2023,10499,10,2
18/06/2023,7346,6,6
19/06/2023,4889,15,6
20/06/2023,5108,22,6
21/06/2023,4720,26,10
22/06/2023,5633,35,2
23/06/2023,6727,7,4
24/06/2023,8977,21,3
25/06/2023,6422,19,5
26/06/2023,5144,10,4
27/06/2023,5346,34,8
28/06/2023,5103,24,7
29/06/2023,5718,0,1
30/06/2023,7649,13,5
01/07/2023,11699,16,8
02/07/2023,8573,12,4
03/07/2023,5944,24,3
04/07/2023,6129,18,8
05/07/2023,6217,11,8
06/07/2023,7705,25,4
07/07/2023,8357,28,3
08/07/2023,11202,23,3
09/07/2023,8847,33,3
10/07/2023,6995,25,1
11/07/2023,7218,18,10
12/07/2023,7228,29,1
13/07/2023,6333,17,3
14/07/2023,9797,8,10
15/07/2023,12191,34,3
16/07/2023,7898,4,3
17/07/2023,6506,19,8
18/07/2023,5677,33,10
19/07/2023,7164,24,5
20/07/2023,8525,27,3
21/07/2023,8404,0,9
22/07/2023,11441,8,2
23/07/2023,6707,0,9
24/07/2023,7535,35,5
25/07/2023,7111,7,3
26/07/2023,5851,9,9
27/07/2023,7563,15,4
28/07/2023,8586,26,1
29/07/2023,13159,24,10
30/07/2023,7402,4,6
31/07/2023,5354,19,3
01/08/2023,6527,6,9
